{"cameraMode":{"drawMode":0,"name":"Shaded","section":"Shading Mode"},"sceneLighting":true,"audioPlay":false,"sceneViewState":{"showFog":true,"showMaterialUpdate":false,"showSkybox":true,"showFlares":true,"showImageEffects":true,"showParticleSystems":true},"in2DMode":false,"pivot":{"x":17.331954956054689,"y":-6.14893913269043,"z":-21.547407150268556},"rotation":{"x":-0.07063288241624832,"y":0.9197376370429993,"z":-0.19489069283008576,"w":-0.3333342671394348},"size":36.502403259277347,"orthographic":false}